{"cameraMode":{"drawMode":0,"name":"Shaded","section":"Shading Mode"},"sceneLighting":true,"audioPlay":false,"sceneViewState":{"showFog":true,"showMaterialUpdate":false,"showSkybox":true,"showFlares":true,"showImageEffects":true,"showParticleSystems":true},"in2DMode":false,"pivot":{"x":463.6023864746094,"y":289.2869873046875,"z":-306.827880859375},"rotation":{"x":0.007809197064489126,"y":0.00599506963044405,"z":-0.000047422723582712933,"w":0.9999557733535767},"size":418.5182189941406,"orthographic":false}